{
  "mfcc_num": 12,
  "mel_filter_bank_channels": 30,
  "target_sample_rate": 16000,
  "sample_count": 1024,
  "use_standardization": false,
  "compare_method": "cosine_similarity",
  "phonemes": {
    "A": [99.92118366666666, -2.7487969966666665, -64.22608025000001, -25.511442583333334, 6.218686483333333, 15.40523475, -30.165266416666668, 2.461220341666667, -9.2835126, -3.1600057624999995, -12.156582791666667, -24.6382815],
    "I": [15.960970000000001, 48.96783666666667, 57.26070083333334, -33.453011, -17.07020508333333, -11.719560225, -40.68675225, -13.41794325, -4.668814908333333, -10.685831083333333, 8.201997966666667, -1.4970408666666666],
    "U": [100.33404875000001, 38.81121708333333, 25.636137916666666, 21.089244416666666, -15.105607666666666, -38.58005141666667, -38.041585833333336, -0.9866239275, -3.027628033333333, -2.7307003616666665, -5.26763365, 4.796488516666667],
    "E": [57.819558, 9.271675700000001, 49.37385858333334, 6.858836825, -54.207496666666664, -16.239400291666666, -25.840501833333335, 5.364838355833334, -8.222389325, -3.412148275, 11.059658133333334, -0.9175674265999999],
    "O": [106.237304, 54.765872916666666, 1.3537974716666668, -30.547465166666665, -34.74184533333333, -16.6384754, -13.167412666666666, -0.960650135, -0.8879531216666666, -8.017683541666667, -2.26217795, -7.8048009249999994],
    "S": [-95.20149433333334, 13.454851750000001, -11.754107616666666, 4.749621658333333, 4.60876878, -3.193129158333333, 7.135725258333333, -9.9038495, 9.929626433333333, -2.911304116666667, 3.6772907666666668, 2.154518016666667],
    "-": [0.0, 0.0, 0.0, 0.0, 0.0, 0.0, 0.0, 0.0, 0.0, 0.0, 0.0, 0.0]
  }
}
