{
  "mfcc_num": 12,
  "mel_filter_bank_channels": 26,
  "target_sample_rate": 16000,
  "sample_count": 1024,
  "use_standardization": false,
  "compare_method": "cosine_similarity",
  "phonemes": {
    "A": [
      12.84997454375,
      -56.2437495,
      -14.292680125,
      -32.6036904375,
      34.5846945,
      -19.558445374999998,
      -39.2156298125,
      19.1357290625,
      -15.42112465625,
      -17.5951814375,
      -6.0939278875,
      -5.09861689375
    ],
    "I": [
      -17.4357563125,
      13.76316165,
      40.733938625,
      -69.7265875,
      -5.18949883125,
      -17.0473340625,
      -17.096125625,
      -5.21342983375,
      -5.61287561875,
      -11.6425886875,
      -25.504687999999998,
      8.04816789375
    ],
    "U": [
      38.898402625,
      -9.62962315625,
      18.06740275,
      -30.58449625,
      -4.8033563890625,
      -31.1492200625,
      -16.203018875,
      -10.087188675,
      -11.4708179375,
      -8.86220020625,
      -31.84918825,
      0.676156835625
    ],
    "E": [
      7.0894554393750004,
      -34.423838,
      36.918466875,
      -42.6530746875,
      -9.7653378,
      -0.17611157187499998,
      6.5548538375,
      2.8933896,
      -23.4057739375,
      -20.9539644375,
      -13.98313078125,
      -13.437968125
    ],
    "O": [
      56.437816624999996,
      -6.099268649,
      -19.4355156875,
      -65.5704925,
      -6.4022004812499995,
      -3.067950876875,
      -27.3269485,
      12.38089820625,
      -13.1452236875,
      -13.01233909375,
      0.512163648125,
      -9.5107892375
    ],
    "'-'": [
      35.9772920625,
      -11.370906582125,
      3.052059,
      -2.2293556320625,
      0.76039788125,
      -1.2708510375,
      -4.166311074875,
      -5.63583166125,
      -5.016070126875,
      -6.10139173125,
      2.12586275625,
      1.0686838788750002
    ],
    "-": [
      0.0,
      0.0,
      0.0,
      0.0,
      0.0,
      0.0,
      0.0,
      0.0,
      0.0,
      0.0,
      0.0,
      0.0
    ]
  }
}
